{
	"pools": [
		
		
		{
			"rolls": {
				"min": 2,
				"max": 3
			},
			"entries": [
				{
					"type": "item",
					"name": "minecraft:bread",
					"functions": [
						{
							"function": "set_count",
							"count": {
								"min": 1,
								"max": 4
							}
						}
					],
					"weight": 5
				},
				{
					"type": "item",
					"name": "minecraft:cooked_porkchop",
					"functions": [
						{
							"function": "set_count",
							"count": {
								"min": 1,
								"max": 3
							}
						}
					],
					"weight": 5
				},
				{
					"type": "item",
					"name": "minecraft:golden_apple",
					"weight": 3
				},
				{
					"type": "item",
					"name": "minecraft:porkchop",
					"functions": [
						{
							"function": "set_count",
							"count": {
								"min": 1,
								"max": 3
							}
						}
					],
					"weight": 1
				},
				{
					"type": "item",
					"name": "minecraft:coal",
					"functions": [
						{
							"function": "set_count",
							"count": {
								"min": 1,
								"max": 4
							}
						}
					],
					"weight": 2
				}
			]
		},
		
		
		{
			"rolls": {
				"min": 0,
				"max": 4
			},
			"entries": [
				{
					"type": "item",
					"name": "minecraft:emerald",
					"functions": [
						{
							"function": "set_count",
							"count": {
								"min": 1,
								"max": 3
							}
						}
					],
					"weight": 5
				}
			]
		},
		
		
		{
			"rolls": 1,
			"entries": [
				{
					"type": "item",
					"name": "minecraft:stone_sword",
					"weight": 5
				},
				{
					"type": "item",
					"name": "minecraft:iron_sword",
					"weight": 5
				},
				{
					"type": "item",
					"name": "minecraft:iron_sword",
					"functions": [
						{
							"function": "enchant_with_levels",
							"treasure": false,
							"levels": {
								"min": 5,
								"max": 10
							}
						}
					],
					"weight": 1
				},
				{
					"type": "item",
					"name": "minecraft:shield",
					"weight": 5
				},
				{
					"type": "item",
					"name": "minecraft:iron_helmet",
					"weight": 2
				},
				{
					"type": "item",
					"name": "minecraft:iron_chestplate",
					"weight": 2
				},
				{
					"type": "item",
					"name": "minecraft:iron_leggings",
					"weight": 2
				},
				{
					"type": "item",
					"name": "minecraft:iron_boots",
					"weight": 2
				},
				{
					"type": "item",
					"name": "minecraft:chainmail_helmet",
					"weight": 1
				},
				{
					"type": "item",
					"name": "minecraft:chainmail_chestplate",
					"weight": 1
				},
				{
					"type": "item",
					"name": "minecraft:chainmail_leggings",
					"weight": 1
				},
				{
					"type": "item",
					"name": "minecraft:chainmail_boots",
					"weight": 1
				}
			]
		}
		
		
	]
}