{
	"pools": [
		
		
		{
			"rolls": {
				"min": 2,
				"max": 5
			},
			"entries": [
				{
					"type": "item",
					"name": "minecraft:arrow",
					"functions": [
						{
							"function": "set_count",
							"count": {
								"min": 1,
								"max": 8
							}
						}
					],
					"weight": 10
				},
				{
					"type": "item",
					"name": "minecraft:spectral_arrow",
					"functions": [
						{
							"function": "set_count",
							"count": {
								"min": 1,
								"max": 8
							}
						}
					],
					"weight": 2
				}
			]
		},
		
		
		{
			"rolls": {
				"min": 0,
				"max": 2
			},
			"entries": [
				{
					"type": "item",
					"name": "minecraft:emerald",
					"functions": [
						{
							"function": "set_count",
							"count": {
								"min": 1,
								"max": 2
							}
						}
					],
					"weight": 5
				}
			]
		},
		
		
		{
			"rolls": 1,
			"entries": [
				{
					"type": "item",
					"name": "minecraft:bow",
					"weight": 5
				},
				{
					"type": "item",
					"name": "minecraft:crossbow",
					"weight": 5
				},
				{
					"type": "empty",
					"weight": 2
				}
			]
		}
		
		
	]
}