{
	"pools": [
		
		
		{
			"rolls": {
				"min": 2,
				"max": 5
			},
			"entries": [
				{
					"type": "item",
					"name": "minecraft:cooked_cod",
					"functions": [
						{
							"function": "set_count",
							"count": {
								"min": 1,
								"max": 4
							}
						}
					],
					"weight": 10
				},
				{
					"type": "item",
					"name": "minecraft:cooked_salmon",
					"functions": [
						{
							"function": "set_count",
							"count": {
								"min": 1,
								"max": 4
							}
						}
					],
					"weight": 5
				},
				{
					"type": "item",
					"name": "minecraft:pufferfish",
					"weight": 1
				},
				{
					"type": "item",
					"name": "minecraft:golden_apple",
					"weight": 2
				},
				{
					"type": "item",
					"name": "minecraft:cod",
					"functions": [
						{
							"function": "set_count",
							"count": {
								"min": 1,
								"max": 4
							}
						}
					],
					"weight": 1
				}
			]
		},
		
		
		{
			"rolls": {
				"min": 0,
				"max": 2
			},
			"entries": [
				{
					"type": "item",
					"name": "minecraft:emerald",
					"functions": [
						{
							"function": "set_count",
							"count": {
								"min": 1,
								"max": 2
							}
						}
					],
					"weight": 5
				}
			]
		},
		
		
		{
			"rolls": 1,
			"entries": [
				{
					"type": "item",
					"name": "minecraft:wooden_sword",
					"weight": 5
				},
				{
					"type": "item",
					"name": "minecraft:stone_sword",
					"weight": 5
				},
				{
					"type": "item",
					"name": "minecraft:fishing_rod",
					"weight": 5
				},
				{
					"type": "item",
					"name": "minecraft:leather_helmet",
					"weight": 2
				},
				{
					"type": "item",
					"name": "minecraft:leather_chestplate",
					"weight": 2
				},
				{
					"type": "item",
					"name": "minecraft:leather_leggings",
					"weight": 2
				},
				{
					"type": "item",
					"name": "minecraft:leather_boots",
					"weight": 2
				},
				{
					"type": "item",
					"name": "minecraft:chainmail_helmet",
					"weight": 1
				},
				{
					"type": "item",
					"name": "minecraft:chainmail_chestplate",
					"weight": 1
				},
				{
					"type": "item",
					"name": "minecraft:chainmail_leggings",
					"weight": 1
				},
				{
					"type": "item",
					"name": "minecraft:chainmail_boots",
					"weight": 1
				}
			]
		}
		
		
	]
}