{
	"pools": [
		
		
		{
			"rolls": {
				"min": 2,
				"max": 5
			},
			"entries": [
				{
					"type": "item",
					"name": "minecraft:cooked_cod",
					"functions": [
						{
							"function": "set_count",
							"count": {
								"min": 1,
								"max": 4
							}
						}
					],
					"weight": 10
				},
				{
					"type": "item",
					"name": "minecraft:cooked_salmon",
					"functions": [
						{
							"function": "set_count",
							"count": {
								"min": 1,
								"max": 4
							}
						}
					],
					"weight": 5
				},
				{
					"type": "item",
					"name": "minecraft:pufferfish",
					"weight": 1
				},
				{
					"type": "item",
					"name": "minecraft:golden_apple",
					"weight": 3
				}
			]
		},
		
		
		{
			"rolls": {
				"min": 0,
				"max": 3
			},
			"entries": [
				{
					"type": "item",
					"name": "minecraft:emerald",
					"functions": [
						{
							"function": "set_count",
							"count": {
								"min": 1,
								"max": 3
							}
						}
					],
					"weight": 5
				}
			]
		},
		
		
		{
			"rolls": 1,
			"entries": [
				{
					"type": "item",
					"name": "minecraft:trident",
					"functions": [
						{
							"function": "enchant_randomly",
							"enchantments": ["loyalty"]
						}
					],
					"weight": 5
				},
				{
					"type": "item",
					"name": "minecraft:fishing_rod",
					"functions": [
						{
							"function": "enchant_with_levels",
							"treasure": false,
							"levels": {
								"min": 10,
								"max": 30
							}
						}
					],
					"weight": 5
				},
				{
					"type": "item",
					"name": "minecraft:chainmail_helmet",
					"weight": 1
				},
				{
					"type": "item",
					"name": "minecraft:chainmail_chestplate",
					"weight": 1
				},
				{
					"type": "item",
					"name": "minecraft:chainmail_leggings",
					"weight": 1
				},
				{
					"type": "item",
					"name": "minecraft:chainmail_boots",
					"weight": 1
				}
			]
		}
		
		
	]
}