{
	"pools": [
		
		
		{
			"rolls": {
				"min": 2,
				"max": 3
			},
			"entries": [
				{
					"type": "item",
					"name": "minecraft:cooked_porkchop",
					"functions": [
						{
							"function": "set_count",
							"count": {
								"min": 1,
								"max": 4
							}
						}
					],
					"weight": 10
				},
				{
					"type": "item",
					"name": "minecraft:cooked_beef",
					"functions": [
						{
							"function": "set_count",
							"count": {
								"min": 1,
								"max": 4
							}
						}
					],
					"weight": 5
				},
				{
					"type": "item",
					"name": "minecraft:golden_apple",
					"weight": 5
				},
				{
					"type": "item",
					"name": "minecraft:golden_carrot",
					"functions": [
						{
							"function": "set_count",
							"count": {
								"min": 1,
								"max": 3
							}
						}
					],
					"weight": 5
				}
			]
		},
		
		
		{
			"rolls": 1,
			"entries": [
				{
					"type": "item",
					"name": "minecraft:enchanted_golden_apple",
					"weight": 1
				},
				{
					"type": "empty",
					"weight": 6
				}
			]
		},
		
		
		{
			"rolls": {
				"min": 3,
				"max": 5
			},
			"entries": [
				{
					"type": "item",
					"name": "minecraft:emerald",
					"functions": [
						{
							"function": "set_count",
							"count": {
								"min": 1,
								"max": 4
							}
						}
					],
					"weight": 5
				}
			]
		},
		
		
		{
			"rolls": {
				"min": 1,
				"max": 2
			},
			"entries": [
				{
					"type": "item",
					"name": "minecraft:iron_sword",
					"functions": [
						{
							"function": "enchant_with_levels",
							"treasure": false,
							"levels": {
								"min": 5,
								"max": 10
							}
						}
					],
					"weight": 5
				},
				{
					"type": "item",
					"name": "minecraft:diamond_sword",
					"weight": 5
				},
				{
					"type": "item",
					"name": "minecraft:diamond_sword",
					"functions": [
						{
							"function": "enchant_with_levels",
							"treasure": false,
							"levels": {
								"min": 5,
								"max": 10
							}
						}
					],
					"weight": 2
				},
				{
					"type": "item",
					"name": "minecraft:iron_helmet",
					"functions": [
						{
							"function": "enchant_with_levels",
							"treasure": false,
							"levels": {
								"min": 5,
								"max": 10
							}
						}
					],
					"weight": 2
				},
				{
					"type": "item",
					"name": "minecraft:iron_chestplate",
					"functions": [
						{
							"function": "enchant_with_levels",
							"treasure": false,
							"levels": {
								"min": 5,
								"max": 10
							}
						}
					],
					"weight": 2
				},
				{
					"type": "item",
					"name": "minecraft:iron_leggings",
					"functions": [
						{
							"function": "enchant_with_levels",
							"treasure": false,
							"levels": {
								"min": 5,
								"max": 10
							}
						}
					],
					"weight": 2
				},
				{
					"type": "item",
					"name": "minecraft:iron_boots",
					"functions": [
						{
							"function": "enchant_with_levels",
							"treasure": false,
							"levels": {
								"min": 5,
								"max": 10
							}
						}
					],
					"weight": 2
				},
				{
					"type": "item",
					"name": "minecraft:diamond_helmet",
					"functions": [
						{
							"function": "enchant_with_levels",
							"treasure": false,
							"levels": {
								"min": 5,
								"max": 10
							}
						}
					],
					"weight": 1
				},
				{
					"type": "item",
					"name": "minecraft:diamond_chestplate",
					"functions": [
						{
							"function": "enchant_with_levels",
							"treasure": false,
							"levels": {
								"min": 5,
								"max": 10
							}
						}
					],
					"weight": 1
				},
				{
					"type": "item",
					"name": "minecraft:diamond_leggings",
					"functions": [
						{
							"function": "enchant_with_levels",
							"treasure": false,
							"levels": {
								"min": 5,
								"max": 10
							}
						}
					],
					"weight": 1
				},
				{
					"type": "item",
					"name": "minecraft:diamond_boots",
					"functions": [
						{
							"function": "enchant_with_levels",
							"treasure": false,
							"levels": {
								"min": 5,
								"max": 10
							}
						}
					],
					"weight": 1
				}
			]
		}
		
		
	]
}