{
	"pools": [
		
		
		{
			"rolls": {
				"min": 2,
				"max": 4
			},
			"entries": [
				{
					"type": "item",
					"name": "minecraft:potato",
					"functions": [
						{
							"function": "set_count",
							"count": {
								"min": 1,
								"max": 4
							}
						}
					],
					"weight": 5
				},
				{
					"type": "item",
					"name": "minecraft:poisonous_potato",
					"functions": [
						{
							"function": "set_count",
							"count": {
								"min": 1,
								"max": 4
							}
						}
					],
					"weight": 5
				},
				{
					"type": "item",
					"name": "minecraft:golden_carrot",
					"functions": [
						{
							"function": "set_count",
							"count": {
								"min": 1,
								"max": 2
							}
						}
					],
					"weight": 5
				}
			]
		},
		
		
		{
			"rolls": {
				"min": 1,
				"max": 3
			},
			"entries": [
				{
					"type": "item",
					"name": "minecraft:emerald",
					"functions": [
						{
							"function": "set_count",
							"count": {
								"min": 1,
								"max": 3
							}
						}
					],
					"weight": 5
				}
			]
		},
		
		
		{
			"rolls": {
				"min": 1,
				"max": 2
			},
			"entries": [
				{
					"type": "item",
					"name": "minecraft:potion",
					"functions": [
						{
							"function": "set_nbt",
							"tag": "{Potion:\"strength\"}"
						}
					],
					"weight": 5
				},
				{
					"type": "item",
					"name": "minecraft:potion",
					"functions": [
						{
							"function": "set_nbt",
							"tag": "{Potion:\"invisibility\"}"
						}
					],
					"weight": 5
				},
				{
					"type": "item",
					"name": "minecraft:potion",
					"functions": [
						{
							"function": "set_nbt",
							"tag": "{Potion:\"water_breathing\"}"
						}
					],
					"weight": 5
				},
				{
					"type": "item",
					"name": "minecraft:potion",
					"functions": [
						{
							"function": "set_nbt",
							"tag": "{Potion:\"night_vision\"}"
						}
					],
					"weight": 5
				},
				{
					"type": "item",
					"name": "minecraft:splash_potion",
					"functions": [
						{
							"function": "set_nbt",
							"tag": "{Potion:\"weakness\"}"
						}
					],
					"weight": 5
				},
				{
					"type": "item",
					"name": "minecraft:potion",
					"functions": [
						{
							"function": "set_nbt",
							"tag": "{Potion:\"long_regeneration\"}"
						}
					],
					"weight": 2
				},
				{
					"type": "item",
					"name": "minecraft:potion",
					"functions": [
						{
							"function": "set_nbt",
							"tag": "{Potion:\"strong_strength\"}"
						}
					],
					"weight": 2
				},
				{
					"type": "item",
					"name": "minecraft:splash_potion",
					"functions": [
						{
							"function": "set_nbt",
							"tag": "{Potion:\"poison\"}"
						}
					],
					"weight": 2
				}
			]
		}
		
		
	]
}